,precision,recall,f1-score,support
COVID-19,0.6666666666666666,0.06451612903225806,0.11764705882352941,31.0
normal,0.9026690391459075,0.7404758429426361,0.8135674765455858,6851.0
pneumonia,0.6833949639020954,0.8780542986425339,0.7685909495989702,4420.0
accuracy,0.7924261192709255,0.7924261192709255,0.7924261192709255,0.7924261192709255
macro avg,0.7509102232382232,0.5610154235391427,0.5666018283226951,11302.0
weighted avg,0.8162677397188586,0.7924261192709255,0.7940691769478665,11302.0
